{"cameraMode":{"drawMode":0,"name":"Shaded","section":"Shading Mode"},"sceneLighting":false,"audioPlay":false,"sceneViewState":{"m_AlwaysRefresh":false,"showFog":true,"showSkybox":false,"showFlares":true,"showImageEffects":true,"showParticleSystems":true,"showVisualEffectGraphs":true,"m_FxEnabled":true},"in2DMode":false,"pivot":{"x":19.999998092651368,"y":0.005230844020843506,"z":-30.318971633911134},"rotation":{"x":0.09187536686658859,"y":-0.9074525237083435,"z":0.3080980181694031,"w":0.27058735489845278},"size":6.497839450836182,"orthographic":false}