{"cameraMode":{"drawMode":0,"name":"Shaded","section":"Shading Mode"},"sceneLighting":false,"audioPlay":false,"sceneViewState":{"m_AlwaysRefresh":false,"showFog":true,"showSkybox":false,"showFlares":true,"showImageEffects":true,"showParticleSystems":true,"showVisualEffectGraphs":true,"m_FxEnabled":true},"in2DMode":false,"pivot":{"x":-2.384185791015625e-7,"y":0.003489196300506592,"z":-74.67399597167969},"rotation":{"x":0.09187536686658859,"y":-0.9074525237083435,"z":0.3080980181694031,"w":0.27058735489845278},"size":8.564934730529786,"orthographic":false}