{"cameraMode":{"drawMode":0,"name":"Shaded","section":"Shading Mode"},"sceneLighting":true,"audioPlay":false,"sceneViewState":{"m_AlwaysRefresh":false,"showFog":true,"showSkybox":true,"showFlares":true,"showImageEffects":true,"showParticleSystems":true,"showVisualEffectGraphs":true,"m_FxEnabled":true},"in2DMode":false,"pivot":{"x":-0.2709501087665558,"y":8.200468063354493,"z":-2.6547985076904299},"rotation":{"x":0.1496436893939972,"y":-0.03707330301403999,"z":0.005622110795229673,"w":0.9880592823028565},"size":0.8660253882408142,"orthographic":false}