{"cameraMode":{"drawMode":0,"name":"Shaded","section":"Shading Mode"},"sceneLighting":false,"audioPlay":false,"sceneViewState":{"m_AlwaysRefresh":false,"showFog":true,"showSkybox":false,"showFlares":true,"showImageEffects":true,"showParticleSystems":true,"showVisualEffectGraphs":true,"m_FxEnabled":true},"in2DMode":false,"pivot":{"x":20.000003814697267,"y":0.0000019073486328125,"z":-59.17182922363281},"rotation":{"x":0.09187536686658859,"y":-0.9074525237083435,"z":0.3080980181694031,"w":0.27058735489845278},"size":7.264328479766846,"orthographic":false}